# trait	pgs_id	note
冠心病	PGS004941	China Kadoorie Biobank 2024 CAD_MetaPRS（中国人群开发验证）
缺血性卒中	PGS002725	GIGASTROKE 2022 iPGS_EAS
心房颤动	PGS012536	Haydarlou 2026 Mult-t-EAS
高血压	PGS005144	Jung 2025 PRS-CS EAS
2型糖尿病	PGS005365	Huerta-Chagoya 2025 DPRISM trained for EAS
LDL胆固醇	PGS004643	Zhang 2024 LDL_EAS_ldpred2
BMI	PGS012556	Xu 2026 BMI_EAS_MIXPRSplus
身高	PGS002803	Yengo 2022 GIANT EAS weights
乳腺癌	PGS018528	TPMI 2025 PRS-CS（台湾汉族）
前列腺癌	PGS018563	TPMI 2025 PRS-CS（台湾汉族）
结直肠癌	PGS002742	Ping 2022 PRS115_EAS
胃癌	PGS005161	Zhu 2025 PRS-GC（中国人群）
食管癌	PGS018478	TPMI 2025 PRS-CS（台湾汉族）
痛风	PGS018825	TPMI 2025 PRS-CS（台湾汉族）
近视	PGS019957	Lin 2024 prs149_myopia
阿尔茨海默病	PGS004589	Jung 2022 PRS80_trans（APOE 另行单独报告）
