rsid	chrom	start	end	allele_string
rs671	chr12	111803962	111803962	G/A
rs1229984	chr4	99318162	99318162	T/A/C/G
rs1815739	chr11	66560624	66560624	C/A/T
rs4988235	chr2	135851076	135851076	G/A/C/T
rs17822931	chr16	48224287	48224287	C/G/T
rs3827760	chr2	108897145	108897145	A/C/G
rs12913832	chr15	28120472	28120472	A/C/G
rs1426654	chr15	48134287	48134287	A/G/T
rs713598	chr7	141973545	141973545	C/A/G/T
rs762551	chr15	74749576	74749576	C/A/G
rs429358	chr19	44908684	44908684	T/C
rs7412	chr19	44908822	44908822	C/T
rs8176719	chr9	133257522	133257521	-/C
rs8176746	chr9	133255935	133255935	G/A/T
rs1801133	chr1	11796321	11796321	G/A/C
rs6025	chr1	169549811	169549811	C/A/T
rs1799963	chr11	46739505	46739505	G/A
rs10455872	chr6	160589086	160589086	A/G
rs2814778	chr1	159204893	159204893	T/C
